,City,Country,Lat,Lng,Max Temp,Humidity,Cloudiness,Wind Speed,Current Description
0,Hermanus,ZA,-34.4187,19.2345,60.91,76,100,6.4,overcast clouds
1,Pevek,RU,69.7008,170.3133,35.51,91,34,6.29,scattered clouds
2,Luderitz,NA,-26.6481,15.1594,59.76,81,1,3.06,clear sky
3,Hithadhoo,MV,-0.6,73.0833,82.76,73,0,9.78,clear sky
4,Albany,US,42.6001,-73.9662,87.75,80,100,1.99,moderate rain
5,Kaeo,NZ,-35.1,173.7833,57.33,97,94,12.1,overcast clouds
6,Buala,SB,-8.145,159.5921,80.47,80,92,10.27,overcast clouds
7,Mocuba,MZ,-16.8392,36.9856,61.32,96,3,2.8,clear sky
8,Ushuaia,AR,-54.8,-68.3,46.02,81,20,5.75,few clouds
9,Ontario,US,34.0633,-117.6509,80.26,51,20,4.61,few clouds
10,Husavik,IS,66.0449,-17.3389,51.71,86,75,5.35,broken clouds
11,Tuktoyaktuk,CA,69.4541,-133.0374,48.2,57,75,6.91,broken clouds
12,Sharlyk,RU,52.9167,54.75,57.6,86,7,4.54,clear sky
13,Tasiilaq,GL,65.6145,-37.6368,41.16,90,80,2.3,broken clouds
14,Mahebourg,MU,-20.4081,57.7,71.89,78,75,12.66,broken clouds
15,Guerrero Negro,MX,27.9769,-114.0611,69.93,54,12,15.61,few clouds
16,Shingu,JP,33.7333,135.9833,68.49,72,100,5.19,overcast clouds
17,Provideniya,RU,64.3833,-173.3,28.51,93,90,4.47,mist
18,Kapaa,US,22.0752,-159.319,80.92,73,75,5.01,light rain
19,Padang,ID,-0.9492,100.3543,77.23,87,100,3.18,overcast clouds
20,Upernavik,GL,72.7868,-56.1549,38.46,86,18,1.68,few clouds
21,Vaini,TO,-21.2,-175.2,64.56,94,75,0.0,broken clouds
22,Ribeira Grande,PT,38.5167,-28.7,68.4,94,40,11.5,scattered clouds
23,Hobart,AU,-42.8794,147.3294,51.93,91,75,1.99,broken clouds
24,Hay River,CA,60.8156,-115.7999,48.18,71,40,9.22,scattered clouds
25,Atuona,PF,-9.8,-139.0333,79.2,80,85,17.4,light rain
26,Mataura,NZ,-46.1927,168.8643,49.48,97,100,2.59,overcast clouds
27,Hilo,US,19.7297,-155.09,79.79,77,90,5.75,light rain
28,Kodiak,US,57.79,-152.4072,54.91,62,75,4.61,broken clouds
29,Chokurdakh,RU,70.6333,147.9167,39.11,72,6,3.58,clear sky
30,Punta Arenas,CL,-53.15,-70.9167,42.91,87,40,8.12,scattered clouds
31,Victoria,HK,22.2855,114.1577,82.45,86,100,1.01,overcast clouds
32,Dzhebariki-Khaya,RU,62.2167,135.8,54.45,56,97,3.74,overcast clouds
33,Olafsvik,IS,64.8945,-23.7142,47.79,80,82,4.54,broken clouds
34,Yarmouth,US,41.7057,-70.2286,93.18,65,1,5.01,clear sky
35,Korla,CN,41.7597,86.1469,78.73,27,45,3.76,scattered clouds
36,Bambous Virieux,MU,-20.3428,57.7575,71.85,78,75,17.43,broken clouds
37,Qaanaaq,GL,77.484,-69.3632,41.54,82,98,6.17,overcast clouds
38,Toledo,ES,39.8333,-4.0,88.09,21,3,7.78,clear sky
39,Vestmanna,FO,62.1564,-7.1664,47.32,100,90,11.95,mist
40,Cayenne,GF,4.9333,-52.3333,82.44,87,40,1.01,scattered clouds
41,Rio Claro,BR,-22.4114,-47.5614,78.78,63,100,11.21,light rain
42,Ventspils,LV,57.3894,21.5606,60.73,94,0,2.3,clear sky
43,Bluff,NZ,-46.6,168.3333,49.8,90,100,6.91,overcast clouds
44,Banda Aceh,ID,5.5577,95.3222,79.93,77,100,15.23,overcast clouds
45,Port Alfred,ZA,-33.5906,26.891,67.48,50,100,7.83,overcast clouds
46,Ruwi,OM,23.5996,58.5507,91.09,60,61,1.63,broken clouds
47,Brown Deer,US,43.1633,-87.9645,89.46,59,1,5.75,clear sky
48,Rikitea,PF,-23.1203,-134.9692,76.75,82,100,20.67,light rain
49,Srednekolymsk,RU,67.45,153.6833,41.14,65,100,9.24,overcast clouds
50,Huangnihe,CN,43.5583,128.0239,54.55,76,100,3.53,overcast clouds
51,Vostok,RU,46.4856,135.8833,54.23,93,8,4.23,clear sky
52,Mirnyy,RU,62.5353,113.9611,36.86,93,8,6.35,clear sky
53,Bagotville,AU,-28.9833,153.4167,66.02,82,96,13.85,overcast clouds
54,Busselton,AU,-33.65,115.3333,55.04,52,100,20.92,light rain
55,Saint George,US,37.1041,-113.5841,93.67,11,1,1.01,clear sky
56,Gushikawa,JP,26.3544,127.8686,76.23,94,75,9.17,moderate rain
57,Kindersley,CA,51.4668,-109.1682,65.98,34,90,2.3,overcast clouds
58,Saint-Philippe,RE,-21.3585,55.7679,68.22,66,99,16.53,overcast clouds
59,Nadym,RU,65.5333,72.5167,36.57,69,47,5.55,scattered clouds
60,Tarko-Sale,RU,64.9225,77.785,36.0,85,28,9.08,heavy intensity rain
61,Bredasdorp,ZA,-34.5322,20.0403,58.32,88,100,3.04,overcast clouds
62,Scottsbluff,US,41.8666,-103.6672,95.23,27,1,14.0,clear sky
63,Lata,PT,40.1629,-8.3327,77.04,54,0,5.53,clear sky
64,Necochea,AR,-38.5473,-58.7368,64.04,61,5,15.37,clear sky
65,Maniitsoq,GL,65.4167,-52.9,45.23,75,100,13.73,overcast clouds
66,Matara,LK,5.9485,80.5353,78.3,89,29,11.95,scattered clouds
67,Havre,FR,49.5833,0.3333,70.2,64,0,6.58,clear sky
68,Sabha,LY,27.0377,14.4283,92.84,13,6,10.0,clear sky
69,Evensk,RU,61.95,159.2333,46.83,87,66,0.72,broken clouds
70,Cape Town,ZA,-33.9258,18.4232,62.1,73,0,4.54,clear sky
71,Tessalit,ML,20.1986,1.0114,100.26,8,80,11.65,broken clouds
72,Goderich,CA,43.7501,-81.7165,85.03,83,100,5.75,overcast clouds
73,San Fernando,PH,15.0286,120.6898,81.14,87,100,3.27,light rain
74,Avarua,CK,-21.2078,-159.775,73.45,88,20,2.3,few clouds
75,Talnakh,RU,69.4865,88.3972,25.63,93,28,2.84,scattered clouds
76,Leningradskiy,RU,69.3833,178.4167,34.63,93,50,10.71,scattered clouds
77,Walvis Bay,NA,-22.9575,14.5053,59.09,75,0,8.88,clear sky
78,Spirit River,CA,55.7833,-118.8361,59.52,43,0,8.7,clear sky
79,Aykhal,RU,66.0,111.5,38.66,69,61,2.17,broken clouds
80,Cassilandia,BR,-19.1133,-51.7342,88.03,28,89,5.17,overcast clouds
81,Ucluelet,CA,48.9329,-125.5528,63.05,80,7,4.5,clear sky
82,Petropavlovsk-Kamchatskiy,RU,53.0452,158.6483,45.19,100,75,1.45,broken clouds
83,Lubango,AO,-14.9172,13.4925,57.72,40,77,4.65,broken clouds
84,Barrow,US,71.2906,-156.7887,32.02,93,90,13.8,mist
85,Kijang,KR,35.2442,129.2139,69.53,74,69,3.96,broken clouds
86,Ulladulla,AU,-35.35,150.4667,47.88,81,100,2.51,overcast clouds
87,Kuching,MY,1.55,110.3333,77.22,94,40,1.14,scattered clouds
88,Butaritari,KI,3.0707,172.7902,80.35,74,99,2.55,moderate rain
89,Zhigansk,RU,66.7697,123.3711,40.77,83,1,22.37,clear sky
90,Khatanga,RU,71.9667,102.5,35.26,85,100,9.04,overcast clouds
91,Malakal,SS,9.5334,31.6605,87.31,43,77,4.99,broken clouds
92,Coahuayana,MX,18.7333,-103.6833,94.48,45,8,8.61,clear sky
93,Mount Gambier,AU,-37.8333,140.7667,48.11,66,100,24.16,overcast clouds
94,Kavaratti,IN,10.5669,72.642,83.57,74,86,14.65,overcast clouds
95,Mar Del Plata,AR,-38.0023,-57.5575,62.62,29,20,7.0,few clouds
96,Waipawa,NZ,-41.4122,175.5153,49.03,92,37,3.96,scattered clouds
97,Pareora,NZ,-44.4871,171.2132,40.17,97,14,3.8,few clouds
98,Port Hedland,AU,-20.3167,118.5667,73.45,23,100,16.11,overcast clouds
99,Lompoc,US,34.6391,-120.4579,72.37,64,1,14.97,clear sky
100,Boyuibe,BO,-20.4167,-63.2833,62.51,73,100,3.29,overcast clouds
101,Kaitangata,NZ,-46.2817,169.8464,47.93,88,100,4.07,overcast clouds
102,Nikolskoye,RU,59.7035,30.7861,64.29,61,11,5.12,few clouds
103,Alberton,CA,46.8168,-64.0654,84.33,64,86,11.03,overcast clouds
104,Ottumwa,US,41.02,-92.4113,88.48,55,75,1.99,broken clouds
105,Acarau,BR,-2.8856,-40.12,82.42,72,66,13.15,broken clouds
106,Doha,QA,25.2867,51.5333,91.38,35,0,8.05,clear sky
107,Pangai,TO,-19.8,-174.35,71.71,78,40,0.0,scattered clouds
108,Bethel,US,41.3712,-73.414,87.51,67,1,5.75,clear sky
109,Manzhouli,CN,49.6,117.4333,52.99,48,54,6.53,broken clouds
110,Auka,HN,14.9333,-83.8333,86.86,63,62,8.39,broken clouds
111,Saskylakh,RU,71.9167,114.0833,37.56,71,100,9.35,overcast clouds
112,Hamilton,US,39.1834,-84.5333,83.03,71,40,4.97,scattered clouds
113,Saint-Pierre,RE,-21.3393,55.4781,68.29,61,75,6.91,broken clouds
114,Baykit,RU,61.67,96.37,46.83,69,100,9.17,light rain
115,Avera,US,33.194,-82.5271,88.45,63,84,7.87,broken clouds
116,Batagay-Alyta,RU,67.8006,130.4114,46.96,48,100,8.03,overcast clouds
117,Forest Hills,US,42.9595,-85.4898,88.32,68,75,1.01,broken clouds
118,Vestmannaeyjar,IS,63.4427,-20.2734,49.03,74,100,7.96,overcast clouds
119,Suksun,RU,57.1431,57.3949,49.14,66,7,8.41,clear sky
120,Pavlohrad,UA,48.5167,35.8667,59.97,86,70,5.77,broken clouds
121,Shache,CN,38.4167,77.2406,77.92,32,96,22.37,overcast clouds
122,Ancud,CL,-41.8697,-73.8203,53.42,83,100,15.68,light rain
123,East London,ZA,-33.0153,27.9116,65.95,57,92,7.74,overcast clouds
124,Muros,ES,42.7762,-9.0603,74.68,38,13,11.16,few clouds
125,Vardo,NO,70.3705,31.1107,53.8,66,0,8.05,clear sky
126,Arraial Do Cabo,BR,-22.9661,-42.0278,75.16,88,40,9.22,scattered clouds
127,Beringovskiy,RU,63.05,179.3167,36.12,98,100,1.59,overcast clouds
128,Brewster,US,41.3973,-73.6171,87.76,65,1,7.54,moderate rain
129,Faanui,PF,-16.4833,-151.75,79.52,79,100,17.16,overcast clouds
130,Itarema,BR,-2.9248,-39.9167,82.49,70,78,13.24,broken clouds
131,Acapulco,MX,16.8634,-99.8901,85.82,74,75,5.59,broken clouds
132,Tuatapere,NZ,-46.1333,167.6833,49.82,91,100,5.08,overcast clouds
133,Alice Springs,AU,-23.7,133.8833,36.95,75,97,9.46,overcast clouds
134,Milicz,PL,51.5277,17.2714,72.86,69,1,3.04,clear sky
135,Puerto Ayora,EC,-0.7393,-90.3518,80.56,86,60,7.0,broken clouds
136,Suhbaatar,MN,50.2314,106.2078,50.34,80,8,4.63,clear sky
137,Ixtapa,MX,20.7,-105.2,85.23,66,1,13.8,clear sky
138,Castro,BR,-24.7911,-50.0119,59.63,88,97,5.06,overcast clouds
139,Port Elizabeth,ZA,-33.918,25.5701,57.49,72,40,0.0,scattered clouds
140,Shelburne,CA,44.0787,-80.2041,79.12,82,91,5.32,overcast clouds
141,Chuy,UY,-33.6971,-53.4616,62.11,82,100,12.48,overcast clouds
142,New Norfolk,AU,-42.7826,147.0587,51.58,84,100,1.99,overcast clouds
143,Esperance,AU,-33.8667,121.9,48.04,81,100,15.05,overcast clouds
144,Meulaboh,ID,4.1363,96.1285,76.57,86,100,3.02,overcast clouds
145,Klaksvik,FO,62.2266,-6.589,49.12,98,100,16.8,overcast clouds
146,Povenets,RU,62.8487,34.8262,52.86,53,70,6.71,broken clouds
147,Sorland,NO,67.667,12.6934,50.07,87,50,4.76,scattered clouds
148,Mizdah,LY,31.4451,12.9801,77.0,38,1,15.52,clear sky
149,Calabozo,VE,8.9242,-67.4293,87.75,51,100,7.99,overcast clouds
150,Los Llanos De Aridane,ES,28.6585,-17.9182,67.75,83,20,10.27,few clouds
151,Paamiut,GL,61.994,-49.6678,41.79,74,1,12.71,clear sky
152,Longyearbyen,SJ,78.2186,15.6401,32.49,92,100,4.74,overcast clouds
153,Poli,TZ,-3.3333,36.8,60.37,75,97,5.82,overcast clouds
154,Yerbogachen,RU,61.2767,108.0108,36.9,78,42,2.55,scattered clouds
155,Ayagoz,KZ,47.9714,80.4392,58.53,57,88,4.99,overcast clouds
156,Rocha,UY,-34.4833,-54.3333,61.93,82,80,13.06,broken clouds
157,Kavieng,PG,-2.5744,150.7967,81.34,81,100,12.44,moderate rain
158,Havelock,US,34.8791,-76.9013,83.95,82,20,5.99,few clouds
159,Alta Floresta,BR,-9.8756,-56.0861,89.42,45,75,3.44,broken clouds
160,Turtas,RU,58.9417,69.1325,39.51,70,0,3.89,clear sky
161,Ust-Omchug,RU,61.15,149.6333,54.77,45,100,2.77,overcast clouds
162,Gambela,ET,8.25,34.5833,71.11,90,8,5.17,clear sky
163,Norman Wells,CA,65.282,-126.8329,57.24,41,20,10.36,few clouds
164,Georgetown,MY,5.4112,100.3354,81.9,85,20,3.44,few clouds
165,Dutlwe,BW,-23.9833,23.9,56.34,49,6,11.88,clear sky
166,Beyneu,KZ,45.3167,55.2,70.61,51,0,14.67,clear sky
167,Kathu,TH,7.9178,98.3332,86.7,71,100,11.54,light rain
168,Holoby,UA,51.0865,25.0077,62.64,78,87,5.77,overcast clouds
169,Oyotun,PE,-6.8519,-79.3036,71.19,56,71,6.58,light rain
170,Bilma,NE,18.6853,12.9164,96.12,10,0,5.32,clear sky
171,San Jose,US,37.3394,-121.895,72.01,44,20,8.01,few clouds
172,Ukiah,US,39.1502,-123.2078,70.36,37,1,8.05,clear sky
173,Filadelfia,US,39.9523,-75.1638,89.08,76,75,5.99,broken clouds
174,Kundiawa,PG,-6.0167,144.9667,61.74,98,100,1.83,overcast clouds
175,Alofi,NU,-19.0595,-169.9187,78.69,89,75,6.91,broken clouds
176,Raga,SS,8.4596,25.678,80.64,54,91,3.02,overcast clouds
177,Fortuna,US,40.5982,-124.1573,66.18,60,20,4.0,few clouds
178,Geraldton,AU,-28.7667,114.6,63.12,67,40,25.48,scattered clouds
179,Souillac,MU,-20.5167,57.5167,71.98,78,75,16.06,broken clouds
180,Pitsunda,GE,43.1592,40.3378,59.18,67,63,6.71,broken clouds
181,Kabale,UG,-1.2486,29.9899,55.69,86,6,3.0,clear sky
182,Turukhansk,RU,65.8167,87.9833,34.45,71,61,10.22,broken clouds
183,Saldanha,ZA,-33.0117,17.9442,53.65,86,7,1.59,clear sky
184,Hovd,MN,48.0056,91.6419,63.01,22,100,3.87,overcast clouds
185,Sao Domingos Do Maranhao,BR,-5.5758,-44.3853,87.35,50,100,1.52,overcast clouds
186,Hasaki,JP,35.7333,140.8333,64.8,76,3,9.35,clear sky
187,Rudkobing,DK,54.9364,10.7102,66.18,82,14,10.07,few clouds
188,Severo-Kurilsk,RU,50.6789,156.125,42.64,96,99,5.55,overcast clouds
189,Rundu,NA,-17.9333,19.7667,60.98,38,0,5.28,clear sky
190,Altay,CN,47.8667,88.1167,63.59,45,99,4.16,overcast clouds
191,Clyde River,CA,70.4692,-68.5914,41.23,70,20,17.27,few clouds
192,Yellowknife,CA,62.456,-114.3525,46.29,76,75,3.44,broken clouds
193,Port Lincoln,AU,-34.7333,135.8667,53.76,56,26,20.49,scattered clouds
194,Zyryanka,RU,65.75,150.85,50.72,61,27,8.57,scattered clouds
195,Havre-Saint-Pierre,CA,50.2334,-63.5986,75.56,31,1,25.32,clear sky
196,Jamestown,US,42.097,-79.2353,80.85,86,75,4.0,broken clouds
197,Butembo,CD,0.15,29.2833,63.27,66,3,5.77,clear sky
198,Iqaluit,CA,63.7506,-68.5145,35.33,74,75,5.99,broken clouds
199,Henties Bay,NA,-22.116,14.2845,58.86,81,0,9.57,clear sky
200,Vila Velha,BR,-20.3297,-40.2925,81.97,72,20,4.0,few clouds
201,Coihaique,CL,-45.5752,-72.0662,44.55,87,90,3.44,moderate rain
202,Grand Island,US,40.925,-98.342,87.03,48,100,5.01,overcast clouds
203,Aracati,BR,-4.5617,-37.7697,86.16,56,100,9.04,overcast clouds
204,Isangel,VU,-19.55,169.2667,68.45,69,98,8.05,overcast clouds
205,Ponta Do Sol,PT,32.6667,-17.1,72.23,70,100,4.38,overcast clouds
206,Sakaiminato,JP,35.55,133.2333,64.38,94,40,3.44,scattered clouds
207,Sambava,MG,-14.2667,50.1667,70.83,80,1,13.44,clear sky
208,Carnarvon,AU,-24.8667,113.6333,59.07,94,75,29.93,light rain
209,Ilulissat,GL,69.2167,-51.1,51.82,43,1,4.61,clear sky
210,Altamont,US,42.2068,-121.7372,56.89,46,90,3.0,overcast clouds
211,Nemuro,JP,43.3236,145.575,43.86,89,5,9.62,clear sky
212,Labuhan,ID,-6.8844,112.2051,77.32,85,58,6.08,broken clouds
213,Ahipara,NZ,-35.1667,173.1667,59.83,86,90,11.18,overcast clouds
214,Adre,TD,13.4667,22.2,92.52,16,100,0.83,overcast clouds
215,Omboue,GA,-1.5746,9.2618,77.05,92,69,7.96,broken clouds
216,Abnub,EG,27.2696,31.1511,86.22,17,0,12.19,clear sky
217,Pytalovo,RU,57.0679,27.9138,60.64,81,43,4.74,scattered clouds
218,Dikson,RU,73.5069,80.5464,29.16,93,100,14.32,overcast clouds
219,Hofn,IS,64.2539,-15.2082,47.84,83,100,7.85,overcast clouds
220,Yulara,AU,-25.2406,130.9889,40.84,75,14,5.75,few clouds
221,Banmankhi,IN,25.8833,87.1833,84.54,73,0,10.85,clear sky
222,Mtama,TZ,-10.3,39.3667,68.67,87,48,0.98,scattered clouds
223,Namatanai,PG,-3.6667,152.4333,78.73,83,91,6.93,light rain
224,Iwaki,JP,37.05,140.8833,64.02,78,0,1.01,clear sky
225,Cabo San Lucas,MX,22.8909,-109.9124,102.51,33,1,10.36,clear sky
226,Half Moon Bay,US,37.4636,-122.4286,72.05,56,40,9.78,scattered clouds
227,Luwuk,ID,-0.9516,122.7875,75.45,80,10,4.21,clear sky
228,Bertea,RO,45.2333,25.8667,59.4,85,44,6.76,scattered clouds
229,Gizo,SB,-8.103,156.8419,81.54,75,99,5.5,light rain
230,Bogande,BF,12.9714,-0.1436,89.89,39,76,23.26,light rain
231,Xichang,CN,27.8964,102.2634,61.93,96,100,2.28,overcast clouds
232,Viedma,AR,-40.8135,-62.9967,60.94,46,100,19.84,moderate rain
233,Tanggu,CN,39.0211,117.6469,67.96,77,3,7.49,clear sky
234,Tautira,PF,-17.7333,-149.15,80.62,79,100,14.25,overcast clouds
235,Bandarbeyla,SO,9.4942,50.8122,79.5,84,10,31.61,clear sky
236,Andenes,NO,69.3143,16.1194,56.07,81,75,6.91,broken clouds
237,Lebu,CL,-37.6167,-73.65,55.29,97,100,6.42,light rain
238,Whitehorse,CA,60.7161,-135.0538,65.1,27,20,8.01,few clouds
239,Palmer,US,42.1584,-72.3287,89.47,42,100,7.94,overcast clouds
240,Soure,BR,-0.7167,-48.5233,82.6,74,100,8.03,overcast clouds
241,Sembe,CG,1.6481,14.5806,72.46,94,99,1.41,light rain
242,Constitucion,CL,-35.3333,-72.4167,59.94,69,100,7.7,overcast clouds
243,Kalmunai,LK,7.4167,81.8167,78.89,82,62,6.29,broken clouds
244,Fairbanks,US,64.8378,-147.7164,56.23,78,75,4.61,broken clouds
245,Tucumcari,US,35.1717,-103.725,96.64,12,1,13.33,clear sky
246,Kropotkin,RU,45.4375,40.5756,57.65,85,7,7.43,clear sky
247,San Carlos De Bariloche,AR,-41.1456,-71.3082,46.44,66,75,14.25,moderate rain
248,Petropavl,KZ,54.8753,69.1628,46.54,67,6,7.67,clear sky
249,Fort Nelson,CA,58.8053,-122.7002,63.99,36,20,9.22,few clouds
250,Shimoda,JP,34.6667,138.95,72.1,77,98,10.13,overcast clouds
251,Ushtobe,KZ,45.2514,77.9838,69.35,59,58,12.1,broken clouds
252,Tatawin,TN,32.9297,10.4518,79.68,38,82,9.78,broken clouds
253,Bengkulu,ID,-3.8004,102.2655,74.32,94,68,3.71,broken clouds
254,Pangkalanbuun,ID,-2.6833,111.6167,74.05,98,78,2.33,broken clouds
255,Paka,MY,4.6374,103.4368,76.93,94,60,5.19,broken clouds
256,Barentu,ER,15.1139,37.5928,84.99,29,1,5.57,clear sky
257,Maragogi,BR,-9.0122,-35.2225,78.17,83,25,9.19,scattered clouds
258,Isla Mujeres,MX,21.2311,-86.731,87.85,70,100,13.27,overcast clouds
259,Mareeba,AU,-17.0,145.4333,63.45,96,56,1.05,broken clouds
260,Poum,NC,-20.2333,164.0167,71.69,63,84,10.09,broken clouds
261,Codrington,AU,-38.2667,141.9667,52.23,69,100,30.04,overcast clouds
262,Samarai,PG,-10.6167,150.6667,78.98,84,82,12.33,broken clouds
263,Bam,IR,29.106,58.357,96.15,18,24,8.25,few clouds
264,Lorengau,PG,-2.0226,147.2712,79.99,81,79,3.4,broken clouds
265,Augusto Correa,BR,-1.0217,-46.635,83.07,77,100,5.08,overcast clouds
266,San Patricio,US,28.017,-97.5169,91.81,62,14,17.38,few clouds
267,Portel,BR,-1.9356,-50.8211,82.94,83,83,1.88,moderate rain
268,Anadyr,RU,64.75,177.4833,37.9,81,100,8.01,fog
269,Jos,NG,9.9167,8.9,72.66,69,100,7.27,light rain
270,Nanortalik,GL,60.1432,-45.2371,41.31,78,100,4.92,overcast clouds
271,Cidreira,BR,-30.1811,-50.2056,61.84,93,100,14.05,light rain
272,Kraslava,LV,55.8951,27.168,58.98,84,100,4.85,overcast clouds
273,Rawson,AR,-43.3002,-65.1023,67.42,39,51,28.41,broken clouds
274,Saint-Augustin,CA,51.226,-58.6502,67.86,30,6,23.17,clear sky
275,Iwanai,JP,42.9744,140.5089,52.68,94,74,2.1,broken clouds
276,Vila Franca Do Campo,PT,37.7167,-25.4333,68.41,80,55,9.8,broken clouds
277,Vigrestad,NO,58.5667,5.7,61.97,87,75,4.21,broken clouds
278,Praia Da Vitoria,PT,38.7333,-27.0667,73.65,73,20,13.27,few clouds
279,Voh,NC,-20.9667,164.7,61.63,81,75,4.47,broken clouds
280,Khani,GE,41.9563,42.9566,54.97,73,30,5.44,scattered clouds
281,Kulunda,RU,52.566,78.9385,61.81,76,95,15.68,overcast clouds
282,Nelson Bay,AU,-32.7167,152.15,54.09,95,100,10.0,light rain
283,Vuktyl,RU,63.8567,57.3094,45.05,48,10,4.68,clear sky
284,Northam,GB,51.0333,-4.2167,63.34,79,47,5.57,scattered clouds
285,Batavia,US,41.85,-88.3126,89.02,61,75,4.0,broken clouds
286,Tabas,IR,33.5959,56.9244,92.35,18,0,9.55,clear sky
287,Breves,BR,-1.6822,-50.4803,84.16,74,100,1.19,heavy intensity rain
288,Birobidzhan,RU,48.8,132.95,61.59,76,24,3.2,few clouds
289,Pisco,PE,-13.7,-76.2167,67.01,77,90,6.91,overcast clouds
290,Cam Ranh,VN,11.9214,109.1591,76.96,88,75,2.82,broken clouds
291,La Ronge,CA,55.1001,-105.2842,59.22,67,75,6.91,broken clouds
292,Rampura,IN,30.25,75.2333,98.51,21,0,7.58,clear sky
293,Salvador,SV,13.8333,-88.9167,83.05,50,67,5.59,broken clouds
294,Inirida,CO,3.8653,-67.9239,83.53,78,91,1.7,overcast clouds
295,Mayo,US,38.8876,-76.5119,92.21,72,1,4.0,clear sky
296,Saurimo,AO,-9.6608,20.3916,68.32,47,8,3.51,clear sky
297,Airai,TL,-8.9266,125.4092,55.65,91,80,1.9,broken clouds
298,Marsh Harbour,BS,26.5412,-77.0636,79.86,68,100,14.32,overcast clouds
299,Phalodi,IN,27.1333,72.3667,93.72,39,0,24.65,clear sky
300,Mountain Home,US,43.133,-115.6912,70.93,27,3,12.28,clear sky
301,Torbay,CA,47.6666,-52.7314,79.57,53,20,27.63,few clouds
302,Charlestown,AU,-32.95,151.6667,53.82,95,100,1.01,overcast clouds
303,Bani Walid,LY,31.7566,13.9942,74.05,43,3,12.53,clear sky
304,Gijon,ES,43.5357,-5.6615,63.84,85,34,3.0,scattered clouds
305,Karratha,AU,-20.7377,116.8463,74.73,29,100,16.91,overcast clouds
306,Terenos,BR,-20.4422,-54.8603,67.71,94,75,7.61,light rain
307,Cherskiy,RU,68.75,161.3,37.0,77,100,14.23,overcast clouds
308,Benguela,AO,-12.5763,13.4055,75.85,65,62,1.01,broken clouds
309,Faya,SA,18.3851,42.4509,80.71,14,0,11.56,clear sky
310,Kaka,TM,37.3482,59.6143,83.1,28,0,4.76,clear sky
311,Kataysk,RU,56.289,62.5841,47.5,72,9,6.51,clear sky
312,Iznoski,RU,54.9881,35.3108,56.71,95,37,4.85,moderate rain
313,Burns Lake,CA,54.2331,-125.7533,58.42,64,100,4.56,overcast clouds
314,Toppenish,US,46.3774,-120.3087,69.46,36,100,3.15,overcast clouds
315,Biltine,TD,14.5333,20.9167,95.18,12,0,8.59,clear sky
316,Dingle,PH,10.9995,122.6711,76.28,91,100,1.23,overcast clouds
317,Polson,US,47.6936,-114.1632,65.1,62,100,5.93,overcast clouds
318,Estreito,BR,-5.7833,-43.25,91.65,39,100,1.74,overcast clouds
319,Raudeberg,NO,61.9875,5.1352,65.8,82,29,2.42,scattered clouds
320,Bilibino,RU,68.0546,166.4372,45.28,80,100,13.42,overcast clouds
321,Monrovia,LR,6.3005,-10.7969,80.53,77,21,7.34,few clouds
322,Diamantino,BR,-14.4086,-56.4461,93.36,29,60,3.24,broken clouds
323,Mitsamiouli,KM,-11.3847,43.2844,78.12,69,3,12.77,clear sky
324,Yar-Sale,RU,66.8333,70.8333,38.57,61,44,5.37,scattered clouds
325,Taltal,CL,-25.4,-70.4833,63.12,70,20,4.03,few clouds
326,Marshall,US,34.3834,-86.3333,86.05,62,40,4.0,scattered clouds
327,Lumby,CA,50.2498,-118.969,68.36,50,98,1.01,overcast clouds
328,Port Hardy,CA,50.6996,-127.4199,53.6,76,75,6.91,light rain
329,Shostka,UA,51.863,33.4698,58.87,90,42,4.61,scattered clouds
330,Yayva,RU,59.3303,57.2641,46.18,66,19,2.93,few clouds
331,Tilichiki,RU,60.4667,166.1,40.12,91,100,3.96,overcast clouds
332,Nuevo Laredo,MX,27.4763,-99.5164,98.58,52,75,6.91,broken clouds
333,Waitati,NZ,-45.75,170.5667,44.8,85,88,3.67,overcast clouds
334,Grindavik,IS,63.8424,-22.4338,54.55,76,75,4.79,broken clouds
335,Baracoa,CU,20.3467,-74.4958,80.98,80,65,9.86,broken clouds
336,Kholodnyy,RU,62.7167,147.95,55.02,39,100,1.41,overcast clouds
337,Rio Gallegos,AR,-51.6226,-69.2181,50.05,57,0,20.71,clear sky
338,Meridian,US,43.6121,-116.3915,72.84,39,1,1.99,clear sky
339,Laguna,US,38.421,-121.4238,74.46,38,1,5.99,clear sky
340,Sao Joao Da Barra,BR,-21.6403,-41.0511,78.89,77,5,8.37,clear sky
341,Nouadhibou,MR,20.931,-17.0347,75.18,64,100,11.5,overcast clouds
342,Lagoa,PT,39.05,-27.9833,65.41,92,39,17.76,scattered clouds
343,Durango,MX,24.8333,-104.8333,87.03,18,15,9.44,few clouds
344,Cabedelo,BR,-6.9811,-34.8339,79.47,80,90,10.45,overcast clouds
345,Mount Isa,AU,-20.7333,139.5,53.37,43,0,14.97,clear sky
346,San Cristobal,VE,7.7669,-72.225,77.18,56,50,5.32,scattered clouds
347,Thompson,CA,55.7435,-97.8558,64.56,63,75,6.91,broken clouds
348,Moose Factory,CA,51.2585,-80.6094,51.8,71,1,13.8,clear sky
349,Manicore,BR,-5.8092,-61.3003,88.11,56,100,1.7,overcast clouds
350,Itoman,JP,26.1247,127.6694,77.02,94,75,2.3,moderate rain
351,Jacareacanga,BR,-6.2222,-57.7528,95.31,52,0,1.14,clear sky
352,Ranong,TH,9.9658,98.6348,79.38,87,100,11.83,overcast clouds
353,Sinnar,SD,13.5691,33.5672,97.74,27,9,8.21,clear sky
354,Ugoofaaru,MV,5.6667,73.0,83.28,74,89,16.06,overcast clouds
355,Ewo,CG,-0.8725,14.8206,77.0,78,99,1.86,overcast clouds
356,Vitim,RU,59.4511,112.5578,40.87,73,46,2.66,scattered clouds
357,Ulmeni,RO,47.4667,23.3,68.16,77,0,1.81,clear sky
358,Wuchang,CN,44.9143,127.15,60.1,70,99,5.99,overcast clouds
359,Cotacachi,EC,0.3,-78.2667,60.35,74,93,2.24,light rain
360,Cairns,AU,-16.9167,145.7667,68.07,97,7,0.0,clear sky
361,Riyadh,SA,24.6877,46.7219,100.45,8,0,6.91,clear sky
362,Narok,KE,-1.0783,35.8601,55.9,88,4,7.25,clear sky
363,Krasnoselkup,RU,65.7,82.4667,37.09,65,12,8.14,few clouds
364,Farrukhnagar,IN,17.0778,78.2011,83.91,64,94,14.12,overcast clouds
365,Saint-Joseph,RE,-21.3667,55.6167,67.21,67,88,16.84,overcast clouds
366,Leh,IN,34.1667,77.5833,57.4,28,0,3.8,clear sky
367,Sinnamary,GF,5.3833,-52.95,80.56,87,94,10.09,overcast clouds
368,Sioux Lookout,CA,50.1001,-91.917,80.67,29,75,9.22,broken clouds
369,Gat,IL,31.61,34.7642,74.8,62,5,5.12,clear sky
370,Santa Cruz,BO,-17.8,-63.1667,68.05,83,90,13.8,overcast clouds
371,Wesseling,DE,50.8333,6.9833,71.89,65,0,4.79,clear sky
372,Honningsvag,NO,70.9821,25.9704,49.75,71,0,6.91,clear sky
373,Kahului,US,20.8947,-156.47,82.42,65,20,18.41,few clouds
374,Mazarron,ES,37.5992,-1.3149,77.11,54,19,4.47,few clouds
375,Monte Patria,CL,-30.6919,-70.9467,75.65,24,0,5.32,clear sky
376,Adelaide,AU,-34.9333,138.6,48.85,86,15,6.91,light rain
377,Yining,CN,29.0361,114.5636,73.54,92,99,1.88,overcast clouds
378,Natal,BR,-5.795,-35.2094,83.05,74,75,11.41,broken clouds
379,Richards Bay,ZA,-28.783,32.0377,66.63,79,0,10.94,clear sky
380,Seoul,KR,37.5683,126.9778,67.6,89,75,2.19,broken clouds
381,Eureka,US,40.8021,-124.1637,65.75,62,12,4.0,few clouds
382,Cumbal,CO,0.9088,-77.7915,54.68,67,90,3.2,light intensity drizzle
383,Madzhalis,RU,42.1217,47.8333,58.35,84,6,4.7,clear sky
384,Naval,PH,11.5606,124.3975,80.04,83,100,6.64,overcast clouds
385,Saravena,CO,6.9538,-71.8752,87.35,55,73,2.08,broken clouds
386,Humaita,BR,-7.5061,-63.0208,93.56,42,74,1.54,broken clouds
387,Piacabucu,BR,-10.4056,-36.4344,78.84,76,87,9.22,overcast clouds
388,Sao Jose Da Coroa Grande,BR,-8.8978,-35.1478,78.48,82,31,9.42,scattered clouds
389,Cockburn Town,TC,21.4612,-71.1419,84.16,65,40,16.11,scattered clouds
390,Sobolevo,RU,54.4299,31.8996,58.12,91,99,4.92,overcast clouds
391,Lomovka,RU,53.9194,58.3672,54.52,97,100,5.17,overcast clouds
392,Mantua,IT,45.1667,10.7833,78.04,80,83,1.99,broken clouds
393,Nome,US,64.5011,-165.4064,38.16,93,90,5.75,light rain
394,Ostrovnoy,RU,68.0531,39.5131,45.1,82,26,7.52,scattered clouds
395,Nabire,ID,-3.3667,135.4833,74.82,91,99,3.94,overcast clouds
396,Camacha,PT,33.0833,-16.3333,68.76,73,20,6.91,few clouds
397,Llanes,ES,43.4198,-4.7549,67.89,85,66,2.48,broken clouds
398,Lac Du Bonnet,CA,50.2536,-96.0612,84.58,28,100,2.55,overcast clouds
399,Alot,IN,23.7667,75.55,89.17,50,100,19.93,overcast clouds
400,Tucupita,VE,9.0622,-62.051,86.47,64,90,5.79,overcast clouds
401,Agadir,MA,30.4202,-9.5982,75.65,44,71,4.03,broken clouds
402,Billings,US,45.7833,-108.5007,77.36,37,40,8.05,scattered clouds
403,Bend,US,44.0582,-121.3153,55.87,60,75,3.0,light intensity drizzle
404,Oranjemund,NA,-28.55,16.4333,58.51,86,0,0.16,clear sky
405,Salalah,OM,17.0151,54.0924,84.29,84,75,8.05,broken clouds
406,Capari,MK,41.0561,21.1783,58.66,80,38,2.04,scattered clouds
407,Skibbereen,IE,51.55,-9.2667,57.0,99,100,12.82,overcast clouds
408,Carupano,VE,10.6678,-63.2585,82.49,76,82,11.07,broken clouds
409,Touros,BR,-5.1989,-35.4608,83.3,72,44,14.88,scattered clouds
410,Marquard,ZA,-28.6645,27.4305,44.58,62,16,5.95,few clouds
411,Loubomo,CG,-4.1997,12.6739,75.11,85,62,3.2,light rain
412,Bhongaon,IN,27.25,79.1833,98.19,25,0,4.92,clear sky
413,Nagato,JP,34.3833,131.2,69.71,78,100,6.46,overcast clouds
414,Morant Bay,JM,17.8815,-76.4093,85.66,69,10,12.24,clear sky
415,Yomou,GN,7.5603,-9.2653,74.46,88,91,3.56,light rain
416,Mundo Nuevo,MX,18.7,-95.5,86.79,72,100,9.6,overcast clouds
417,Aquin,HT,18.2833,-73.4,83.05,71,88,5.03,overcast clouds
418,Marovoay,MG,-16.1,46.6333,75.34,53,0,9.6,clear sky
419,Terrace,CA,54.5163,-128.6035,62.51,63,75,4.61,broken clouds
420,Ishioka,JP,36.1833,140.2667,73.02,94,20,3.87,mist
421,Luoyang,CN,34.6836,112.4536,80.78,42,100,2.3,light rain
422,Comodoro Rivadavia,AR,-45.8667,-67.5,60.66,31,0,21.85,clear sky
423,Chekmagush,RU,55.1319,54.6556,57.52,92,100,0.94,overcast clouds
424,Sitka,US,57.0531,-135.33,55.29,71,20,3.44,few clouds
425,Kaabong,UG,3.4836,34.1492,67.23,46,43,8.3,scattered clouds
426,Venice,US,27.0998,-82.4543,95.16,69,20,8.01,haze
427,Meadow Lake,US,34.8014,-106.5436,92.17,9,0,8.28,clear sky
428,Lubao,PH,14.9167,120.55,80.62,86,100,2.33,overcast clouds
429,Erdenet,MN,49.0333,104.0833,45.37,82,3,3.74,clear sky
430,Lagos,NG,6.5833,3.75,77.32,88,35,4.38,scattered clouds
431,Haikou,CN,20.0458,110.3417,77.13,94,0,7.25,clear sky
432,Lufilufi,WS,-13.8745,-171.5986,76.78,74,56,5.93,light rain
433,Valverde Del Camino,ES,37.5751,-6.7543,87.08,31,3,9.95,clear sky
434,Port Hawkesbury,CA,45.6169,-61.3485,86.92,51,100,13.8,overcast clouds
435,Kapit,MY,2.0167,112.9333,73.9,99,100,0.85,moderate rain
436,Marzuq,YE,14.4,46.4667,85.12,37,7,4.94,clear sky
437,Kruisfontein,ZA,-34.0033,24.7314,58.89,49,87,7.49,overcast clouds
438,Kalianget,ID,-7.05,113.9333,80.08,80,22,8.05,few clouds
439,Casa Grande,US,32.8795,-111.7573,96.98,7,1,4.0,clear sky
440,Elko,US,41.0002,-115.5012,76.05,13,0,14.0,clear sky
441,Edenderry,IE,53.3453,-7.0497,64.63,86,51,15.12,broken clouds
442,Caravelas,BR,-17.7125,-39.2481,78.21,70,21,6.44,few clouds
443,Verkhoyansk,RU,67.5447,133.385,51.26,77,100,4.97,overcast clouds
444,Port Macquarie,AU,-31.4333,152.9167,55.29,100,90,4.61,overcast clouds
445,Hammerfest,NO,70.6634,23.6821,50.45,76,0,2.3,clear sky
446,Makakilo City,US,21.3469,-158.0858,80.92,60,1,10.36,clear sky
447,Manitouwadge,CA,49.1215,-85.8403,78.58,41,100,7.05,overcast clouds
448,Carutapera,BR,-1.195,-46.02,82.44,77,100,6.42,overcast clouds
449,Warmbad,NA,-28.45,18.7333,57.81,55,30,6.98,scattered clouds
450,Sumenep,ID,-7.0167,113.8667,78.71,83,25,6.13,scattered clouds
451,Qingdao,CN,36.0986,120.3719,71.2,94,75,7.63,broken clouds
452,Muisne,EC,0.6,-80.0333,84.31,75,60,8.39,broken clouds
453,Toktogul,KG,41.8708,72.9402,60.64,82,5,2.33,clear sky
454,Hambantota,LK,6.1241,81.1185,79.99,81,14,17.36,few clouds
455,Kant,IN,27.8,79.8,96.51,25,0,2.82,clear sky
456,Socorro,US,31.6546,-106.3033,95.05,13,75,15.08,broken clouds
457,Deputatskiy,RU,69.3,139.9,40.28,81,100,4.05,overcast clouds
458,Embu,BR,-23.6489,-46.8522,65.75,82,100,5.5,moderate rain
459,Soe,ID,-9.8607,124.284,60.1,92,35,4.05,scattered clouds
460,Cap Malheureux,MU,-19.9842,57.6142,72.09,77,43,5.01,light rain
461,Coquimbo,CL,-29.9533,-71.3436,58.73,77,20,5.21,few clouds
462,Prince Rupert,CA,54.3161,-130.3201,53.69,81,1,3.44,clear sky
463,Zatoka,UA,46.0725,30.4654,66.74,73,73,7.85,broken clouds
464,Portsmouth,GB,50.799,-1.0913,68.77,82,60,4.0,broken clouds
465,Yuancheng,CN,36.652,107.7896,68.07,63,89,3.65,overcast clouds
466,Chachapoyas,PE,-6.2317,-77.869,62.62,78,85,1.5,light rain
467,Narsaq,GL,60.9167,-46.05,64.62,50,60,2.1,broken clouds
468,Phayakkhaphum Phisai,TH,15.5163,103.1937,82.42,85,100,8.61,moderate rain
469,Arman,RU,59.7,150.1667,42.75,90,100,3.24,overcast clouds
470,Jinka,ET,5.65,36.65,66.63,62,12,3.98,few clouds
471,Praia,CV,14.9215,-23.5087,82.94,44,0,21.85,clear sky
472,Taksimo,RU,56.3444,114.8794,47.68,88,100,3.56,overcast clouds
473,Yumbe,UG,3.4651,31.2469,69.49,74,1,4.63,clear sky
474,Bathsheba,BB,13.2167,-59.5167,86.61,58,40,17.45,scattered clouds
475,Labis,MY,2.385,103.021,75.83,90,10,2.46,clear sky
476,Santiago Del Estero,AR,-27.7951,-64.2615,73.08,44,1,7.58,clear sky
477,Surgut,RU,61.25,73.4167,42.98,75,0,6.17,clear sky
478,Lagarto,BR,-10.9172,-37.65,79.09,57,100,10.65,overcast clouds
479,Parkes,AU,-33.1333,148.1833,43.36,98,100,9.15,overcast clouds
480,Kuvandyk,RU,51.4781,57.3552,64.62,66,100,12.68,overcast clouds
481,Chara,RU,56.9064,118.2631,48.33,85,100,3.09,overcast clouds
482,Watsa,CD,3.0372,29.5355,66.47,82,1,1.63,clear sky
483,Sawakin,SD,19.1059,37.3321,89.29,47,0,9.33,clear sky
484,Baykalovo,RU,57.3981,63.7684,44.82,65,1,6.51,clear sky
485,Radis,TN,36.7681,10.2753,76.91,29,0,10.11,clear sky
486,Portland,US,45.5234,-122.6762,66.56,59,75,3.0,broken clouds
487,Kuruman,ZA,-27.4524,23.4325,45.99,88,100,18.23,light rain
488,Dudinka,RU,69.4058,86.1778,29.71,92,56,1.32,broken clouds
489,Grand Gaube,MU,-20.0064,57.6608,72.0,77,56,5.01,light rain
490,Kamenka,RU,51.3223,42.7678,59.45,85,14,3.51,few clouds
491,Chiredzi,ZW,-21.05,31.6667,64.27,56,76,2.98,broken clouds
492,Baglung,NP,28.2719,83.5898,70.97,75,91,4.83,overcast clouds
493,Le Port,RE,-20.9373,55.2919,68.0,85,60,6.08,light rain
494,Gornopravdinsk,RU,60.05,69.9,37.63,69,0,2.66,clear sky
495,Brigantine,US,39.4101,-74.3646,90.16,72,20,13.56,few clouds
496,Binzhou,CN,37.3667,118.0167,75.06,44,100,6.91,light rain
497,Novoagansk,RU,61.9449,76.6625,38.77,74,11,6.29,few clouds
498,Ocos,GT,14.5094,-92.1933,91.9,68,100,6.96,overcast clouds
499,Khorixas,NA,-20.3667,14.9667,63.45,29,0,5.32,clear sky
500,Katsuura,JP,35.1333,140.3,71.71,81,74,7.94,broken clouds
501,Borogontsy,RU,62.6683,131.1683,56.91,71,100,10.56,light rain
502,Kindu,CD,-2.95,25.95,74.26,67,31,1.92,scattered clouds
503,Novikovo,RU,51.1537,37.8879,59.45,86,8,3.29,clear sky
504,Cururupu,BR,-1.8283,-44.8683,81.81,79,76,4.88,moderate rain
505,Olinda,BR,-8.0089,-34.8553,73.13,88,90,10.16,overcast clouds
506,Ribas Do Rio Pardo,BR,-20.4431,-53.7592,81.03,41,27,6.38,light rain
507,Linxia,CN,35.6003,103.2064,57.43,82,100,4.9,overcast clouds
508,Nanakuli,US,21.3906,-158.1547,82.35,59,1,14.88,clear sky
509,Hami,CN,42.8,93.45,78.12,12,98,4.36,overcast clouds
510,Orbetello,IT,42.4408,11.2196,66.22,85,100,3.44,overcast clouds
511,Mastic Beach,US,40.7668,-72.8521,86.95,62,1,10.36,clear sky
512,Suda,RU,59.1525,37.5582,55.51,82,21,4.14,few clouds
513,Huarmey,PE,-10.0681,-78.1522,72.07,68,100,10.4,overcast clouds
514,Karasjok,NO,69.4719,25.5112,53.71,55,96,4.76,overcast clouds
515,Kayanga,TZ,-1.5303,31.1511,60.17,74,11,1.21,few clouds
516,Sasayama,JP,35.0667,135.2167,69.37,93,100,3.85,overcast clouds
517,Kyren,RU,51.6828,102.1408,50.27,79,2,2.3,clear sky
518,Creston,US,41.0586,-94.3614,87.24,69,40,8.05,scattered clouds
519,Floro,NO,61.5996,5.0328,69.22,51,20,3.44,few clouds
520,Frontera,MX,26.9333,-101.45,100.33,34,21,6.78,few clouds
521,Polyarnyy,RU,69.1989,33.4478,55.87,75,44,2.68,scattered clouds
522,Landeck,AT,47.1301,10.5636,59.76,93,100,1.99,overcast clouds
523,Akyab,MM,20.15,92.9,82.29,81,77,4.27,broken clouds
524,Belmonte,BR,-15.8631,-38.8828,78.8,76,81,7.45,broken clouds
525,Vanavara,RU,60.34,102.2797,40.66,63,13,8.25,few clouds
526,Boyolangu,ID,-8.1181,111.8935,75.38,89,79,1.99,broken clouds
527,Am Timan,TD,11.0297,20.2827,85.23,54,99,6.62,overcast clouds
528,Chulman,RU,56.8479,124.9104,51.82,79,100,10.02,overcast clouds
529,Pacific Grove,US,36.6177,-121.9166,69.57,68,1,5.99,clear sky
530,Medicine Hat,CA,50.0501,-110.6683,69.37,32,90,3.0,overcast clouds
531,Aksarka,RU,66.5606,67.7975,38.17,60,23,5.82,few clouds
532,Den Helder,NL,52.9599,4.7593,69.94,75,24,4.61,few clouds
533,Lasa,IT,46.6166,10.7002,65.28,96,100,0.76,light rain
534,Komsomolskiy,UZ,40.4272,71.7189,74.12,53,31,4.61,scattered clouds
535,Camabatela,AO,-8.1881,15.375,68.16,50,3,5.48,clear sky
536,Buchanan,LR,5.8808,-10.0467,80.01,80,39,5.59,light rain
537,Buraydah,SA,26.326,43.975,97.25,11,4,10.54,clear sky
538,Okhotsk,RU,59.3833,143.3,42.46,86,97,7.2,overcast clouds
539,Galveston,US,29.3669,-94.9669,93.22,76,20,5.99,few clouds
540,Zhezkazgan,KZ,47.8043,67.7144,72.25,32,9,10.94,clear sky
541,Luau,AO,-10.7073,22.2247,65.73,47,5,3.06,clear sky
542,Aksu,CN,41.1231,80.2644,79.03,27,100,15.82,overcast clouds
543,Vila,PT,42.0304,-8.1588,68.7,55,8,4.12,clear sky
544,Champerico,GT,14.3,-91.9167,91.94,69,100,8.84,overcast clouds
545,Alyangula,AU,-13.8483,136.4192,62.47,100,46,9.1,scattered clouds
546,Sohag,EG,26.557,31.6948,91.69,13,0,12.37,clear sky
547,Naze,JP,28.3667,129.4833,74.84,88,100,4.63,moderate rain
548,High Prairie,CA,55.4334,-116.4858,58.3,48,39,6.87,scattered clouds
549,Axim,GH,4.8699,-2.2405,80.96,79,48,8.28,scattered clouds
550,Wamba,NG,8.9333,8.6,81.59,68,94,0.6,light rain
551,Rurrenabaque,BO,-14.4413,-67.5278,78.69,89,75,6.91,broken clouds
552,Saint-Francois,FR,46.4154,3.9054,72.84,56,0,4.61,clear sky
553,Sulangan,PH,11.1373,123.7228,78.76,88,100,9.04,moderate rain
554,Loukhi,RU,66.0764,33.0381,60.96,55,86,2.13,overcast clouds
555,Xining,CN,36.6167,101.7667,53.13,80,63,3.8,broken clouds
556,Beloha,MG,-25.1667,45.05,66.2,74,0,15.26,clear sky
557,Uray,RU,60.1247,64.7758,45.72,56,6,4.79,clear sky
558,Sabang,ID,5.8933,95.3214,83.35,72,99,24.05,overcast clouds
559,Lavrentiya,RU,65.5833,-171.0,33.48,85,100,8.63,overcast clouds
560,Tocopilla,CL,-22.092,-70.1979,66.16,67,100,5.41,overcast clouds
561,Anastacio,BR,-20.4836,-55.8069,75.36,72,100,4.94,overcast clouds
562,Price,US,39.5994,-110.8107,81.66,9,1,16.11,clear sky
563,Sedan,FR,49.6667,5.0,70.5,81,50,5.35,scattered clouds
564,Bouna,CI,9.2667,-3.0,76.59,74,100,3.38,light rain
565,Paraiso,CR,9.8383,-83.8656,70.66,90,100,1.54,overcast clouds
566,Kalemie,CD,-5.9475,29.1947,71.87,69,19,3.49,few clouds
567,Bandar,ID,2.05,99.75,71.35,92,93,3.53,overcast clouds
568,San Rafael,AR,-34.6177,-68.3301,66.76,29,6,17.87,clear sky
569,Taoudenni,ML,22.6783,-3.9836,110.19,8,5,11.92,clear sky
570,Semey,KZ,50.4111,80.2275,69.71,39,100,6.76,overcast clouds
571,Bosaso,SO,11.2842,49.1816,91.89,49,0,2.42,clear sky
572,Toamasina,MG,-18.1667,49.3833,66.2,94,75,6.91,light rain
573,General Roca,AR,-39.0333,-67.5833,55.8,38,100,8.39,overcast clouds
574,Kempsey,AU,-31.0833,152.8333,55.35,98,100,1.01,light rain
575,Ambilobe,MG,-13.2,49.05,69.4,79,0,3.31,clear sky
576,Coracora,PE,-15.0333,-73.7833,57.34,30,95,10.83,overcast clouds
577,Westport,US,41.1415,-73.3579,88.77,76,1,1.99,clear sky
578,Ola,RU,59.5833,151.2833,42.08,91,50,2.77,scattered clouds
579,High Rock,BS,26.6208,-78.2833,86.02,65,77,13.4,broken clouds
580,Moussoro,TD,13.6408,16.4901,97.2,14,100,7.0,overcast clouds
581,Trat,TH,12.5,102.5,74.23,99,100,4.27,light rain
582,Palembang,ID,-2.9167,104.7458,74.97,92,89,3.42,overcast clouds
583,Vieste,IT,41.8825,16.175,72.1,82,14,10.18,few clouds
584,Pasco,US,28.292,-82.4165,95.83,50,53,3.0,broken clouds
585,Jinchang,CN,38.4953,102.1739,60.4,58,3,2.64,clear sky
586,Vallenar,CL,-28.5708,-70.7581,77.65,21,0,6.15,clear sky
587,Bassila,BJ,9.0081,1.6654,70.99,91,100,3.71,light rain
588,Matamoros,MX,25.5333,-103.25,99.1,20,20,0.74,few clouds
589,Khilok,RU,51.3674,110.4676,43.72,97,27,4.88,scattered clouds
590,Ivybridge,GB,50.3904,-3.9191,63.57,78,10,4.61,clear sky
591,Basoko,CD,1.2391,23.616,77.02,72,41,1.25,scattered clouds
592,Salinopolis,BR,-0.6136,-47.3561,82.49,78,100,7.49,overcast clouds
593,Emerald,AU,-23.5333,148.1667,60.94,48,75,18.41,broken clouds
594,Ayan,RU,56.45,138.1667,49.08,83,58,1.5,broken clouds
595,Abha,SA,18.2164,42.5053,80.42,9,20,13.04,few clouds
596,Guaraniacu,BR,-25.1008,-52.8781,67.06,96,100,3.49,overcast clouds
597,Pangnirtung,CA,66.1451,-65.7125,37.4,87,90,11.5,overcast clouds
598,Bayanday,RU,53.0661,105.5139,47.66,67,100,1.79,overcast clouds
599,La Ciotat,FR,43.1748,5.6045,80.49,62,0,10.04,clear sky
600,Igarka,RU,67.4667,86.5833,32.58,79,18,5.39,few clouds
601,Colinas,BR,-6.0258,-44.2492,93.85,33,100,2.3,overcast clouds
602,Aklavik,CA,68.2191,-135.0107,63.32,47,40,2.3,scattered clouds
603,Auki,SB,-8.7676,160.7034,76.73,88,76,2.98,broken clouds
604,Bukachacha,RU,52.9833,116.9167,48.85,94,0,3.22,clear sky
605,Skwierzyna,PL,52.5991,15.5065,73.72,69,1,10.65,clear sky
606,Nsanje,MW,-16.92,35.262,64.69,92,69,2.89,broken clouds
607,Vondrozo,MG,-22.8167,47.2833,57.56,93,71,2.28,broken clouds
608,Killybegs,IE,54.6333,-8.45,64.11,88,100,13.11,overcast clouds
609,Aksehir,TR,38.3575,31.4164,60.31,75,62,0.76,broken clouds
610,Amos,CA,48.5669,-78.1162,80.58,37,42,5.55,scattered clouds
611,Storforshei,NO,66.4043,14.5233,64.18,48,0,2.8,clear sky
612,Carbondale,US,37.7273,-89.2168,76.96,90,90,10.36,moderate rain
613,Ternate,ID,0.8,127.4,80.6,81,32,6.24,scattered clouds
614,Margate,GB,51.3813,1.3862,65.3,65,50,1.99,scattered clouds
615,Tiksi,RU,71.6872,128.8694,33.17,99,100,7.09,snow
616,Huanren,CN,41.2647,125.3667,61.88,95,100,4.0,overcast clouds
617,Najran,SA,17.4924,44.1277,90.25,13,59,4.54,broken clouds
618,Udachnyy,RU,66.4167,112.4,40.98,72,64,0.92,broken clouds
619,Coos Bay,US,43.3665,-124.2179,65.01,75,90,12.66,overcast clouds
620,Berlevag,NO,70.8578,29.0864,53.4,71,0,4.61,clear sky
621,Te Anau,NZ,-45.4167,167.7167,44.44,93,100,1.12,overcast clouds
622,Chino Valley,US,34.7575,-112.4538,84.81,10,1,1.01,clear sky
623,Qunduz,AF,36.729,68.857,85.66,26,0,2.98,clear sky
624,Rognan,NO,67.0953,15.3878,56.75,79,97,4.03,overcast clouds
625,Soller,ES,39.7662,2.7152,75.85,58,0,1.79,clear sky
626,Banjar,ID,-8.19,114.9675,80.46,91,54,5.32,broken clouds
627,Zanesville,US,39.9404,-82.0132,85.08,69,75,1.99,broken clouds
628,Ryotsu,JP,38.0833,138.4333,62.01,91,0,1.61,clear sky
629,Marawi,PH,7.9986,124.2928,69.66,93,95,2.17,overcast clouds
630,Celestun,MX,20.8667,-90.4,90.63,59,39,11.52,scattered clouds
631,Benjamin Hill,MX,30.1667,-111.1,93.29,12,95,13.8,overcast clouds
632,Thinadhoo,MV,0.5333,72.9333,83.25,73,3,10.36,clear sky
633,Markala,ML,13.7021,-6.0659,91.44,35,99,20.96,overcast clouds
634,Husum,DE,54.4858,9.0524,64.89,81,21,5.86,few clouds
635,Kununurra,AU,-15.7667,128.7333,58.98,82,8,0.0,clear sky
636,Hervey Bay,AU,-25.2986,152.8535,67.01,94,31,3.0,scattered clouds
637,Perugia,IT,43.05,12.55,66.88,94,100,2.3,overcast clouds
638,Talaya,RU,61.3833,152.75,48.74,77,58,2.08,broken clouds
639,Teya,RU,60.3778,92.6267,52.27,97,78,9.69,light rain
640,Nevinnomyssk,RU,44.6267,41.9453,62.11,79,59,0.36,broken clouds
641,Russas,BR,-4.9403,-37.9758,93.07,37,42,4.23,scattered clouds
642,Pudozh,RU,61.8099,36.5345,52.7,55,26,5.66,scattered clouds
643,Prainha,BR,-1.8,-53.48,87.17,57,100,5.97,overcast clouds
644,Broken Hill,AU,-31.95,141.4333,40.71,87,0,16.11,clear sky
645,Ketchikan,US,55.3422,-131.6461,61.27,63,1,13.8,clear sky
646,Zhangye,CN,38.9342,100.4517,60.42,57,0,6.17,clear sky
647,Guarapari,BR,-20.6667,-40.4975,81.91,74,52,7.87,broken clouds
648,Dali,CN,25.7,100.1833,62.76,96,100,5.3,moderate rain
649,Genhe,CN,50.7833,121.5167,53.71,96,100,2.21,overcast clouds
650,Ngunguru,NZ,-35.6167,174.5,57.16,89,65,18.21,broken clouds
651,Yei,SS,4.095,30.6779,70.75,73,10,2.89,clear sky
652,Vao,NC,-22.6667,167.4833,69.21,63,100,8.5,overcast clouds
653,San Buenaventura,MX,27.0833,-101.5333,101.48,34,11,5.79,few clouds
654,Kabwe,ZM,-14.4469,28.4464,54.43,82,6,8.16,clear sky
655,Ajaccio,FR,42.0,8.9167,66.18,73,0,1.63,clear sky
656,Miraflores,MX,19.2167,-98.8083,75.87,31,44,3.51,scattered clouds
657,Nioro,GM,13.35,-15.75,96.67,35,97,10.65,overcast clouds
658,Saulkrasti,LV,57.2622,24.4147,64.35,88,78,6.04,broken clouds
659,Junqueiro,BR,-9.9253,-36.4758,75.36,85,100,9.35,overcast clouds
660,Ariquemes,BR,-9.9133,-63.0408,89.2,48,68,2.73,broken clouds
661,Katherine,AU,-14.4667,132.2667,62.92,77,71,6.67,broken clouds
662,Kirovskiy,RU,45.0917,133.5136,57.74,89,6,3.89,clear sky
663,Rehoboth,NA,-23.3167,17.0833,53.49,37,0,7.99,clear sky
664,Yanji,CN,42.9075,129.5078,56.48,84,88,0.07,overcast clouds
665,Tchaourou,BJ,8.8865,2.5975,74.98,84,100,3.33,light rain
666,Lakki Marwat,PK,32.6079,70.9114,104.68,17,0,10.56,clear sky
667,Gweta,BW,-20.1833,25.2333,61.83,41,4,6.76,clear sky
668,Suntar,RU,62.1444,117.6319,42.35,68,9,9.13,clear sky
669,Purpe,RU,64.4803,76.6897,35.73,65,27,10.89,scattered clouds
670,Araouane,ML,18.9048,-3.5265,101.61,13,0,8.7,clear sky
671,Alamogordo,US,32.8995,-105.9603,94.41,12,1,10.36,clear sky
672,Rafai,CF,4.95,23.9167,70.7,87,100,2.55,light rain
673,Vangaindrano,MG,-23.35,47.6,64.9,88,71,4.92,light rain
674,Sao Filipe,CV,14.8961,-24.4956,79.3,60,7,6.49,clear sky
675,Solnechnyy,RU,50.7214,136.6319,59.97,76,13,3.67,few clouds
676,Isiro,CD,2.7739,27.616,70.12,88,100,2.33,overcast clouds
677,Talara,PE,-4.5772,-81.2719,77.76,65,0,11.5,clear sky
678,Rantepao,ID,-2.9701,119.8978,64.69,97,18,2.51,few clouds
679,Boli,CN,45.7667,130.5167,61.7,67,5,5.73,clear sky
680,Charters Towers,AU,-20.1,146.2667,63.27,42,91,15.99,overcast clouds
681,Qaqortoq,GL,60.7167,-46.0333,64.9,67,21,7.09,few clouds
682,Oka,CA,45.4649,-74.0889,89.49,61,99,4.0,overcast clouds
683,Havoysund,NO,70.9963,24.6622,50.88,88,97,6.82,overcast clouds
684,Giresun,TR,40.5,38.5,34.92,89,100,2.53,overcast clouds
685,Santarem,BR,-2.4431,-54.7083,86.13,66,75,4.61,broken clouds
686,Seminole,US,28.7086,-81.2081,98.37,57,40,3.0,scattered clouds
687,Skjervoy,NO,70.0311,20.9714,47.68,86,99,1.83,overcast clouds
